employee_id,name,months,salary
1,Maddi,215,9433
2,Vivien,58,9966
3,Eba,143,3372
4,Queenie,23,5020
5,Traci,192,7891
6,Hunter,29,11408
7,Joly,231,3172
8,Georgette,170,6593
9,Tomlin,231,5503
10,Shayna,25,8415
11,Ninnetta,199,14697
12,Hilary,153,3719
13,Jerrilyn,122,2681
14,Dennie,13,5601
15,Kippy,150,3875
16,Timoteo,188,2134
17,Devina,149,1655
18,Cal,151,6550
19,Aylmar,219,1811
20,Dwayne,209,3948
21,Fannie,47,13020
22,Waylon,221,6062
23,Caroljean,190,10350
24,Claribel,168,11932
25,Gwendolyn,50,4534
26,Andie,75,11815
27,Bartholomew,198,7107
28,Amalie,95,14545
29,Jessika,66,5907
30,Jaimie,13,13305
31,Palm,62,10279
32,Stacy,52,877
33,Albertina,49,6202
34,Carole,194,4360
35,Catlee,96,9866
36,Camala,114,4483
37,Roger,206,10883
38,Cherie,91,4528
39,Shanda,94,11284
40,Henrie,118,11834
41,Blondie,91,10397
42,Vera,16,12182
43,Lara,213,11771
44,Jacobo,7,7022
45,Valerie,81,4741
46,Austen,215,3798
47,Lanie,69,12738
48,Jereme,175,1965
49,Diego,48,13226
50,Romeo,124,1964
51,Pavia,70,12641
52,Welsh,152,14099
53,Allina,85,8181
54,Isidro,184,6948
55,Charley,58,13700
56,Chery,60,8478
57,Yankee,68,1258
58,Kassie,32,5909
59,Blanca,233,4105
60,Kaleena,156,8470
61,Englebert,155,2855
62,Wyatt,22,11834
63,Fredia,39,10344
64,Christy,54,3760
65,Elyse,188,4387
66,Rosalyn,208,9519
67,Jacquie,210,3223
68,Georgine,208,6098
69,Caprice,129,10566
70,Cirillo,203,14078
71,Nikki,29,9684
72,Heather,207,8938
73,Quentin,33,2446
74,Jillene,125,762
75,Klarika,153,8752
76,Penrod,7,10118
77,Cassy,18,10157
78,Karol,183,9777
79,Ines,191,4251
80,Giustino,34,14392
81,Ab,223,840
82,Haily,107,4255
83,Malinda,63,1049
84,Kristian,94,1796
85,Kass,233,4428
86,Sheeree,56,4715
87,Joela,94,2897
88,Leanora,203,8689
89,Blaine,33,3462
90,Kirstyn,178,6325
91,Carolyne,78,4622
92,Tod,1,6059
93,Kevon,222,4521
94,Cello,196,7024
95,Cosme,192,11093
96,Linda,139,6861
97,Dorie,127,2782
98,Ulrike,219,2008
99,Georgie,224,4206
100,Benedetto,37,7475
101,Jess,11,7707
102,Katinka,101,4090
103,Dennet,148,3655
104,Venus,196,8805
105,Ronalda,124,4174
106,Derrik,164,2599
107,Corey,233,2105
108,Anthony,92,6166
109,Christoforo,156,804
110,Jayme,192,7216
111,Conni,202,775
112,Lennard,109,9734
113,Flory,217,1257
114,Silvano,151,10791
115,Nevin,141,13468
116,Emlynn,144,3867
117,Alonzo,188,4391
118,Hillyer,104,6262
119,Park,234,9769
120,Kakalina,16,14153
121,Ulick,11,12509
122,Lorita,185,6738
123,Leupold,187,14744
124,Ellie,144,9158
125,Krystalle,193,7433
126,Eolande,13,12631
127,Evered,5,8974
128,Catharina,121,9599
129,Clerkclaude,203,12790
130,Issie,213,10762
131,Dolores,45,3101
132,Husain,87,7573
133,Lars,27,3106
134,Pris,88,14834
135,Lolita,142,11003
136,Ashien,223,13181
137,Monty,42,7007
138,Allistir,19,9242
139,Porter,170,1825
140,Willem,90,4922
141,Martita,111,4952
142,Keen,70,4732
143,Baudoin,31,3090
144,Alverta,47,1838
145,Camilla,33,1718
146,Markos,19,10878
147,Diana,75,13963
148,Humphrey,147,6704
149,Allys,104,5709
150,Neilla,231,3847
151,Ira,40,2424
152,Aridatha,5,13820
153,Gerome,113,7629
154,Kaela,152,7961
155,Barrett,172,11505
156,Layla,44,10731
157,Langsdon,121,10231
158,Judon,61,5210
159,Wilfrid,123,7195
160,Cristin,134,3820
161,Bunny,86,7843
162,Moe,58,14157
163,Waverley,84,9884
164,Charmane,24,12460
165,Benjamin,175,4077
166,Kerr,50,10893
167,Law,124,10544
168,Justen,146,868
169,Kirsteni,1,3947
170,Garwood,65,9112
171,Truda,210,6331
172,Brunhilde,116,12181
173,Marianne,78,9578
174,Kyla,180,6755
175,Mary,123,5612
176,Roderic,186,9113
177,Verile,112,4573
178,Cinnamon,79,3444
179,Keefer,202,14301
180,Charles,152,12082
181,Ema,110,8977
182,Milka,41,8982
183,Dom,13,3646
184,Leena,78,928
185,Brittany,68,7147
186,Lea,178,3835
187,Steven,102,1030
188,Ebeneser,200,13437
189,Hagen,46,2310
190,Josi,197,3312
191,Elfrida,239,13174
192,Lyssa,129,8607
193,Ciel,235,5158
194,Chauncey,11,5989
195,Alex,160,1410
196,Tyler,208,7913
197,Patrizius,23,8692
198,Giana,218,6016
199,Vernen,124,2978
200,Allayne,91,7566
201,Tally,78,12738
202,Anette,189,7387
203,Edlin,6,9513
204,Adella,159,2547
205,Ewart,57,10910
206,Damita,170,6652
207,Codie,155,5140
208,Stacy,41,4796
209,Dorine,206,4445
210,Annabal,194,2829
211,Mikaela,175,9851
212,Jemmie,205,10506
213,Collette,22,1320
214,Laney,130,11065
215,Reta,79,10500
216,Kellyann,150,10265
217,Leela,157,11286
218,Breena,226,2449
219,Annabel,130,9710
220,Zebadiah,155,11378
221,Lari,232,9305
222,Russ,48,5357
223,Aldin,223,8136
224,Inessa,169,5827
225,Gerianne,116,3423
226,Fritz,7,860
227,Marney,185,5289
228,Lyndsay,226,13794
229,Bailie,215,10026
230,Marjorie,170,8538
231,Tamiko,167,5190
232,Raeann,59,13672
233,Vernon,201,13746
234,Selie,237,6887
235,Dulcine,143,2322
236,Glynn,103,2360
237,Ailyn,142,14688
238,Myrtie,143,7994
239,Victoir,52,14459
240,Adelina,225,5932
241,Carlie,126,9117
242,Andris,135,10148
243,Daisi,197,9424
244,Elfrieda,73,12124
245,Arlen,3,12941
246,Bria,176,4752
247,Suzie,11,6180
248,Esmeralda,33,2116
249,Margalo,26,7248
250,Beulah,176,6802
251,Fania,74,4930
252,Murdock,219,14470
253,Dennet,226,10807
254,Harman,117,3813
255,Babita,57,3628
256,Karl,86,11434
257,Lilyan,113,14342
258,Colleen,62,845
259,Koralle,228,7558
260,Etta,192,5481
261,Ramon,237,1230
262,Cammie,17,12227
263,Cord,58,9140
264,Killian,191,14414
265,Letizia,232,12160
266,Hogan,203,14761
267,Craig,121,14309
268,Eleanore,108,6566
269,Ilyssa,115,2521
270,Matthew,195,4895
271,Devlin,9,7559
272,Collie,83,947
273,Tina,135,13706
274,Laureen,130,6852
275,Alonzo,13,3247
276,Marsha,7,4131
277,Helen-elizabeth,8,2225
278,Morgen,105,5816
279,Libbi,160,13082
280,Gill,98,4263
281,Bron,104,5349
282,Tina,115,12072
283,Gayleen,101,5394
284,Oran,44,5598
285,Myron,218,14837
286,Johannah,165,11650
287,Noami,48,13484
288,Charline,47,8761
289,Gabriele,226,8277
290,Gratia,188,13212
291,Aubrey,64,1667
292,Colby,96,12324
293,Cristian,56,7321
294,Gage,229,13083
295,Ernie,88,10082
296,Kane,108,2706
297,Dickie,198,10437
298,Claire,173,7125
299,Ardene,53,9455
300,Morganne,98,961
301,Corby,45,9748
302,Tamma,25,12855
303,Dory,113,12870
304,Kathryn,231,1467
305,Augustin,44,5181
306,Tessy,238,12554
307,Codie,183,2380
308,Alric,109,7824
309,Delmer,190,6293
310,Hillier,233,4440
311,Pippy,79,6998
312,Siusan,114,10054
313,Killy,194,5440
314,Braden,195,14445
315,Emili,218,13628
316,Lacee,226,13990
317,Kassey,110,5900
318,Verne,134,3226
319,Eleen,5,6262
320,Lacy,176,9554
321,Cullin,25,9433
322,Vivi,168,11430
323,Read,50,12862
324,Korie,136,2018
325,Carl,62,8289
326,Kameko,141,9784
327,Clare,135,12459
328,Heriberto,167,4325
329,Jamima,128,10127
330,Kevina,35,12444
331,Calvin,202,14735
332,Pooh,126,2268
333,Lesly,85,4777
334,Walton,129,5550
335,Base,202,4057
336,Virgie,33,6230
337,Cordula,7,8813
338,Zach,181,5877
339,Magdaia,5,5890
340,Hillier,239,4565
341,Jemie,80,5217
342,Melita,195,5963
343,Tamra,126,11632
344,Yves,62,3294
345,Caesar,179,6948
346,Grayce,110,10604
347,Jolene,228,12320
348,Gwenora,209,8126
349,Lester,40,14437
350,Trudey,131,11244
351,Jaquenetta,132,7246
352,Irita,53,4434
353,Armando,82,14006
354,Alethea,118,11533
355,Jerald,70,8032
356,Esdras,17,3157
357,Sukey,239,7917
358,Demetre,57,7134
359,Hannis,116,14965
360,Didi,24,1440
361,Kennan,23,890
362,Sallie,176,8289
363,Boniface,143,5872
364,Lia,94,8266
365,Harriot,23,11447
366,Erik,13,8906
367,Katina,156,4097
368,Diena,106,8373
369,Toiboid,160,8386
370,Jo,49,13762
371,Tommie,161,11006
372,Lawton,218,3556
373,Armstrong,180,4668
374,Freeman,239,13006
375,Dorelia,55,14211
376,Roselle,42,3308
377,Luci,232,11516
378,Sabine,234,13742
379,Larine,34,1832
380,Martie,160,809
381,Temp,200,14582
382,Nestor,113,1700
383,Angelina,28,11425
384,Ashlie,120,1515
385,Ruddy,163,2537
386,Holli,39,10284
387,Aldrich,146,8973
388,Laetitia,56,14440
389,Lazaro,169,8108
390,Gherardo,124,10930
391,Carlyle,183,11636
392,Kev,230,8941
393,Bess,26,3903
394,Ozzy,79,14329
395,Nathanial,170,9082
396,Ashia,44,2243
397,Aubine,149,5869
398,Jerome,35,2735
399,Alwyn,143,2533
400,Sharron,53,1207
401,Clarice,184,5504
402,Saidee,160,2376
403,Thadeus,236,9408
404,Germain,48,9320
405,Johnna,177,13592
406,Ealasaid,39,11451
407,Brandice,225,8495
408,Penn,9,11202
409,Jane,4,7770
410,Lambert,191,13466
411,Barnebas,33,5550
412,Marwin,17,14871
413,Rolando,25,4845
414,Penrod,29,9588
415,Haley,154,8080
416,Elisa,83,5611
417,Rica,100,2862
418,Hedwig,85,4209
419,Johan,219,1219
420,Oran,169,1352
421,Allen,140,8576
422,Crissy,140,11978
423,Chev,96,4738
424,Alexandr,167,12373
425,Nichole,64,11216
426,Beilul,168,9322
427,Filmer,134,1070
428,Berne,190,11241
429,Muffin,199,6299
430,Sisely,177,1503
431,Diego,227,4805
432,Bryana,100,11417
433,Anabella,89,10108
434,Drugi,74,6071
435,Matteo,163,9409
436,Kyle,58,7404
437,Eliot,9,1314
438,Alyssa,175,10414
439,Archie,43,13315
440,Shae,5,11240
441,Clare,38,3795
442,Aarika,104,13274
443,Jon,214,5104
444,Trix,231,13002
445,Vere,30,13863
446,Gino,114,9696
447,Aleece,165,14232
448,Elsworth,169,6646
449,Fulton,6,2893
450,Rupert,119,14759
451,Virgina,171,1267
452,Torry,166,3290
453,Christopher,172,13517
454,Eimile,200,9014
455,Louise,11,1727
456,Cass,57,1895
457,Ingelbert,32,1771
458,Jervis,237,7778
459,Obidiah,51,7296
460,Susannah,227,6408
461,Jojo,60,13810
462,Kelila,18,8397
463,Fifine,184,936
464,Tannie,51,4237
465,Casandra,126,8789
466,Harlie,45,7591
467,Mohammed,151,14985
468,Hatty,56,14313
469,Emmaline,217,7122
470,Ofilia,36,8948
471,Davis,92,10453
472,Maurise,36,5516
473,Bartholomeus,155,14714
474,Becka,120,13277
475,Reinhold,50,10491
476,Leelah,113,5921
477,Kristine,188,4035
478,Annalise,194,2679
479,Nessie,240,11305
480,Perla,154,8120
481,Shelia,154,11536
482,Antoni,15,14676
483,Malina,82,13206
484,Whittaker,57,9565
485,Timothee,64,2230
486,Janeczka,32,10589
487,Marty,164,6941
488,Brandice,190,14983
489,Chicky,75,3108
490,Samson,50,6767
491,Shanan,232,11550
492,Lorine,137,6792
493,Adelheid,52,6732
494,Emerson,122,11340
495,Davidson,230,1749
496,Oliviero,47,8737
497,Chlo,69,7886
498,Kimberly,199,8291
499,Kerstin,235,2958
500,Aarika,30,9126
501,Beverley,157,4820
502,Brear,177,4800
503,Aloysia,36,12709
504,Marget,76,14495
505,Candida,91,12596
506,Lorne,217,5908
507,Gates,216,12138
508,Freedman,234,12992
509,Georgiana,29,14905
510,Alyda,18,8967
511,Layla,222,5743
512,Glynda,99,11194
513,Jocko,239,8044
514,Ilyse,132,11761
515,Pippa,191,14645
516,Harp,111,6612
517,Adah,91,6053
518,Shelly,179,10638
519,Dalis,160,4383
520,Wye,204,12227
521,Sari,62,7113
522,Hart,211,1801
523,Jere,96,2800
524,Winnie,43,2552
525,Tess,34,8484
526,Ashil,153,14456
527,Ryan,239,5742
528,Zaneta,212,5368
529,Meryl,172,9808
530,Filmer,180,9937
531,Dall,145,5420
532,Hall,229,5590
533,Rutledge,130,13744
534,Geno,123,4368
535,Loree,74,9398
536,Sylas,21,4606
537,Nial,150,4742
538,Arnoldo,226,14259
539,Sebastien,106,12183
540,Dona,228,3480
541,Linnet,28,7119
542,Cherry,59,5594
543,Maureene,174,7759
544,Federica,95,6469
545,Riki,22,10095
546,Korella,188,6381
547,Beatriz,194,4634
548,Edlin,117,3593
549,Heall,195,4112
550,Danell,49,4074
551,Dredi,239,7449
552,Georgianne,110,7202
553,Roseanna,223,4696
554,Berte,91,1483
555,Caryn,228,14674
556,Deirdre,40,4982
557,Dale,184,8756
558,Pacorro,158,2816
559,Gearalt,89,12849
560,Gene,15,4640
561,Kimbra,113,13273
562,Zebedee,130,12312
563,Lethia,221,8483
564,Tamma,171,1829
565,Tiertza,193,4047
566,Kristopher,231,8654
567,Noel,112,1524
568,Ruthi,1,14933
569,Toddie,195,12266
570,Caryl,109,767
571,Worth,32,3728
572,Bekki,188,3636
573,Walden,49,3537
574,Domingo,149,11744
575,Osborn,203,10656
576,Casi,89,1433
577,Coop,28,11352
578,Elianore,114,3278
579,Glory,90,11834
580,Misha,57,8597
581,Worthy,95,7785
582,Dotty,172,2093
583,Amalle,54,6382
584,Raynard,200,753
585,Leeanne,27,5500
586,Izabel,188,4560
587,Tatiana,161,13194
588,Borden,85,14674
589,Caryl,153,9318
590,Jesus,24,9713
591,Charlotta,173,3314
592,Stanley,217,8758
593,Ethel,106,13835
594,Margareta,136,12012
595,Jeanelle,160,14018
596,Stafani,6,7922
597,Lennie,77,6921
598,Noreen,202,3964
599,Ellen,190,11490
600,Natividad,102,1085
601,Teodora,238,2753
602,Marilin,111,4767
603,Ethelin,99,6820
604,Prudi,56,12567
605,Gaye,231,2546
606,Cello,209,12688
607,Konstance,118,13604
608,Frankie,231,13139
609,Sonia,226,3373
610,Teddy,172,5648
611,Marty,145,1248
612,Herby,20,1303
613,Fonzie,189,12164
614,Magnum,155,10549
615,Cory,56,14898
616,Matthew,55,9379
617,Andy,199,7071
618,Stefan,188,4925
619,Chaddie,100,8951
620,Fanny,181,11357
621,Nicky,118,3678
622,Fielding,106,7135
623,Christoph,193,7496
624,Devon,127,4215
625,Loralie,239,8892
626,Vidovik,82,10649
627,Loy,73,5720
628,Germayne,77,1605
629,Burl,8,9290
630,Eudora,29,1408
631,Rora,136,13347
632,Rayshell,155,4841
633,Tara,39,9285
634,Ardella,195,2911
635,Nelson,113,13769
636,Mahalia,37,11875
637,Fancie,151,4723
638,Jesselyn,157,13277
639,Shannon,88,3346
640,Nara,4,9573
641,Base,235,4610
642,Quinton,174,9917
643,Corrie,118,8757
644,Ezra,66,11307
645,Arabel,237,5398
646,Joletta,226,3853
647,Torin,157,1916
648,Niki,203,11007
649,Paola,40,6968
650,Clemmie,230,1498
651,Mady,136,10877
652,Sammy,190,5513
653,Tynan,126,3769
654,Yolanda,64,12903
655,Veronike,44,8623
656,Willy,174,7565
657,Fonsie,214,6923
658,Alric,185,9915
659,Tobe,75,3118
660,Darnell,177,1199
661,Vaclav,138,12477
662,Jaine,155,1730
663,Joey,75,9027
664,Farley,33,11986
665,Roley,217,14369
666,Laurene,84,9069
667,Kore,5,3908
668,Anna-maria,27,6646
669,Tiebold,15,5477
670,Colline,120,11779
671,Ollie,225,9061
672,Beauregard,187,9821
673,Adam,218,2115
674,Wileen,56,1472
675,Hilario,138,3871
676,Quintus,12,7920
677,Heall,223,7832
678,Herb,4,7677
679,Erin,28,5259
680,Urban,23,5994
681,Claiborne,197,9423
682,Chen,170,8311
683,Rutledge,227,11598
684,Sarette,141,9313
685,Allene,92,4750
686,Frasco,66,7557
687,Kirstyn,34,3257
688,Avivah,93,14115
689,Montgomery,77,11558
690,Moria,14,10626
691,Diana,215,10258
692,Charles,136,2654
693,Tabitha,87,9693
694,Saree,209,12351
695,Judye,221,4685
696,Elsinore,234,8981
697,Ottilie,104,8787
698,Curtice,34,1371
699,Vilma,236,11937
700,Margy,196,12021
701,Elysee,103,7930
702,Ellswerth,176,2557
703,Charline,208,6769
704,Killy,216,12908
705,Teresina,154,12828
706,Brandais,32,1272
707,Hyacinth,211,5510
708,Dougy,57,3465
709,Roanna,181,14112
710,Brittney,158,5012
711,Meridith,41,14491
712,Stavros,178,13945
713,Genna,143,12251
714,Ardelia,28,6637
715,Hobey,183,7494
716,Juana,204,10505
717,Northrop,105,8224
718,Sean,104,4485
719,Honor,100,8485
720,Ashbey,9,9050
721,Janot,95,1971
722,Bridgette,232,5458
723,Jessamyn,187,6828
724,Sharia,227,8582
725,Jolyn,76,12515
726,Moria,179,11604
727,Jacquenette,164,4781
728,Alyse,17,11442
729,Barret,183,12775
730,Trudey,154,853
731,Cayla,233,8088
732,Kellie,81,9952
733,Marjory,56,4449
734,Warren,178,11598
735,Myranda,208,10121
736,Eugen,207,8678
737,Sal,66,5937
738,Patty,34,8865
739,Libbie,239,9832
740,Andie,152,856
741,Audrey,232,3686
742,Zechariah,12,12478
743,Nicole,162,9976
744,Willy,189,5417
745,Tarah,232,10223
746,Ellary,2,2893
747,Shea,200,10434
748,Donetta,63,2220
749,Berkeley,137,2829
750,Ben,238,12398
751,Charmine,206,1351
752,Cammie,95,8742
753,Olympia,201,5950
754,Benjie,163,4671
755,Beatrix,175,2774
756,Nettie,51,6360
757,Kira,186,14522
758,Genia,239,3945
759,Ursuline,180,14232
760,Rochette,159,8653
761,Lanie,9,6204
762,Phylis,229,12612
763,Mead,196,5513
764,Lothaire,204,12343
765,Libbi,31,3991
766,Isabel,66,2650
767,Hadleigh,138,11728
768,Xylina,121,13662
769,Engelbert,187,5556
770,Augusto,229,12914
771,Tricia,117,13990
772,Collen,182,9762
773,Ronica,153,1178
774,Annemarie,57,13540
775,Nicholle,166,5216
776,Dinny,136,10825
777,Kathi,237,4670
778,Rolf,160,13524
779,Leighton,117,14115
780,Modestia,115,10658
781,Abramo,9,10349
782,Blinni,169,3283
783,Atalanta,87,12485
784,Smitty,221,10965
785,Odie,188,12382
786,Jard,137,11944
787,Wilhelmina,56,5047
788,Alyss,21,7638
789,Krystyna,164,7778
790,Yovonnda,79,1157
791,Mikey,52,1121
792,Belinda,57,5500
793,Rianon,108,1972
794,Clio,89,3998
795,Adolpho,86,6165
796,Moselle,6,5294
797,Timothea,158,7771
798,Danya,201,10621
799,Sheelah,140,3185
800,Beatrisa,138,3170
801,Mada,12,4702
802,Mac,82,4940
803,Jeremy,46,9726
804,Odo,163,10246
805,Betti,236,10702
806,Nydia,220,7085
807,Regen,12,6290
808,Kenyon,114,12149
809,Bert,30,11623
810,Barde,80,11076
811,Olag,189,2793
812,Flin,152,4667
813,Yorgo,80,5320
814,Damita,132,13522
815,Bobbi,129,5496
816,Faythe,118,13000
817,Vachel,209,4604
818,Ruperta,68,11987
819,Emmery,117,14278
820,Sydel,99,6931
821,Ethelind,142,5597
822,Pepita,220,6494
823,Gunilla,63,11125
824,Tod,164,5578
825,Bram,41,4299
826,Giralda,45,7132
827,Aili,70,7378
828,Dulcine,152,9514
829,Eloisa,39,7842
830,Raffarty,27,1241
831,Marylee,234,3922
832,Georg,14,1426
833,Maggy,222,7315
834,Vivianne,140,10937
835,Harold,165,8576
836,Shandee,175,4918
837,Tatiania,87,2103
838,Aubine,34,1872
839,Pennie,161,2127
840,Reade,91,12996
841,Mellisa,12,4436
842,Doria,176,3378
843,Kalli,37,3013
844,Michaeline,158,9584
845,Ado,11,6544
846,Josey,97,3180
847,Ekaterina,144,5841
848,Kalila,8,10212
849,Angy,158,3323
850,Ginnie,205,1839
851,Delmor,230,12780
852,Luce,95,11222
853,Bev,105,9974
854,Dynah,91,3742
855,Barbe,65,11698
856,Jermain,194,865
857,Josefa,34,9755
858,Cherilynn,171,2051
859,Enrico,118,1203
860,Fletcher,62,1945
861,Rochella,110,1156
862,Nanci,123,10804
863,Frans,144,10360
864,Mandie,232,4477
865,Gae,60,13365
866,Skippie,126,2578
867,Freeman,122,764
868,Colas,133,1962
869,Danette,238,7096
870,Mufinella,46,2770
871,Anna-maria,103,9965
872,Leesa,53,3619
873,Abra,83,7270
874,Rita,97,8933
875,Ximenez,206,11281
876,Priscella,156,13256
877,Nicholas,172,1019
878,Noellyn,86,13047
879,Marnie,16,14007
880,Glenden,226,13662
881,Carmelle,106,6406
882,Deloria,121,4208
883,Raleigh,122,11769
884,Cesare,124,4655
885,Brigit,204,9413
886,Danya,45,2845
887,Munmro,98,11886
888,Cinderella,143,8033
889,Bron,13,8579
890,Ryun,104,6907
891,Karlie,9,13367
892,Charity,70,13463
893,Alyson,195,7149
894,Gertie,193,2472
895,Lin,75,7957
896,Orazio,34,8896
897,Fitz,141,8873
898,Dill,165,2978
899,Goldie,18,13798
900,Georgi,34,10831
901,Terrance,49,9872
902,Crawford,20,3933
903,Willyt,116,12279
904,Prisca,57,2241
905,Wandie,60,6747
906,Eloise,163,6774
907,Ruddie,185,10712
908,Ardra,228,3734
909,Randi,200,6066
910,Tarrance,232,9934
911,Kathie,163,7104
912,Petrina,239,6419
913,Samuele,85,4349
914,Ethan,17,10830
915,Bailie,240,4322
916,Marj,85,3536
917,Tallie,239,2959
918,Warden,160,13799
919,Abram,2,2962
920,Lawrence,27,7476
921,Marna,199,5276
922,Nil,81,6594
923,Coleen,24,1837
924,Valdemar,111,7534
925,Nannie,160,2973
926,Myranda,99,11028
927,Jourdain,74,4409
928,Kimberlyn,77,11248
929,Aland,107,13919
930,Deeyn,80,11084
931,Pollyanna,205,6609
932,Daisie,180,5400
933,Gale,46,7659
934,Willis,161,7415
935,Abigael,183,2137
936,Torin,230,4237
937,Gerhardt,205,5958
938,Ellen,19,10190
939,Taryn,46,8417
940,Munmro,183,7087
941,Conway,45,1945
942,Deonne,214,1321
943,Gus,218,2120
944,Conrade,15,11427
945,Lezley,237,11680
946,Laurens,235,14075
947,Teresina,21,6417
948,Mirilla,81,3279
949,Pansie,51,10496
950,Cristin,235,1042
951,Alie,40,14935
952,Aylmer,106,10522
953,Wrennie,100,4774
954,Mari,159,14051
955,Matias,190,1399
956,Pamella,158,3741
957,Corny,132,9490
958,Ira,209,3502
959,Kylie,190,8221
960,Flossy,178,13085
961,Jarrod,177,9394
962,Lila,207,13305
963,Cissiee,146,9010
964,Dave,208,4339
965,Franciska,19,8919
966,Angelica,125,9270
967,Lusa,150,6335
968,Tomas,224,14006
969,Andreana,114,1384
970,Cart,236,1366
971,Chlo,173,7935
972,Tracy,119,8678
973,Ivette,130,3206
974,Kahaleel,83,11578
975,Zackariah,61,10978
976,Andonis,210,9875
977,Toiboid,225,10236
978,Osbourne,51,5321
979,Barn,90,8257
980,Merle,20,11917
981,Lotta,137,7015
982,Aurlie,26,1863
983,Arlan,34,6653
984,Lianna,73,1058
985,Willow,135,6671
986,Vivian,62,5978
987,Aldwin,114,8626
988,Lida,68,7265
989,Nat,103,802
990,Pauly,8,8141
991,Stacy,142,979
992,Agnella,150,12309
993,Sindee,13,2509
994,Ingeborg,53,2283
995,Rudolf,97,1699
996,Phedra,29,12954
997,Issiah,36,11111
998,Geneva,107,1813
999,Irwinn,3,7014
1000,Kordula,239,8932
